tabla	ordinal	columna	tipo	longitud
GVA14	1	ID_GVA14	int	NULL
GVA14	2	FILLER	varchar	20
GVA14	3	ADJUNTO	varchar	60
GVA14	4	ALI_ADI_IB	varchar	2
GVA14	5	ALI_FIJ_IB	varchar	2
GVA14	6	AL_FIJ_IB3	smallint	NULL
GVA14	7	ALI_NO_CAT	smallint	NULL
GVA14	8	BMP	varchar	60
GVA14	9	C_POSTAL	varchar	8
GVA14	10	CALLE	varchar	30
GVA14	11	CALLE2_ENV	varchar	30
GVA14	12	CLAUSULA	bit	NULL
GVA14	13	CLAVE_IS	varchar	6
GVA14	14	COD_CLIENT	varchar	6
GVA14	15	COD_PROVIN	varchar	2
GVA14	16	COD_TRANSP	varchar	2
GVA14	17	COD_VENDED	varchar	2
GVA14	18	COD_ZONA	varchar	2
GVA14	19	COND_VTA	smallint	NULL
GVA14	20	CUIT	varchar	20
GVA14	21	CUMPLEANIO	datetime	NULL
GVA14	22	CUPO_CREDI	decimal	NULL
GVA14	23	DIR_COM	varchar	55
GVA14	24	DOMICILIO	varchar	30
GVA14	25	DTO_ENVIO	varchar	6
GVA14	26	DTO_LEGAL	varchar	6
GVA14	27	E_MAIL	varchar	60
GVA14	28	ENV_DOMIC	varchar	30
GVA14	29	ENV_LOCAL	varchar	20
GVA14	30	ENV_POSTAL	varchar	8
GVA14	31	ENV_PROV	varchar	2
GVA14	32	EXPORTA	bit	NULL
GVA14	33	FECHA_ALTA	datetime	NULL
GVA14	34	FECHA_ANT	datetime	NULL
GVA14	35	FECHA_DESD	datetime	NULL
GVA14	36	FECHA_HAST	datetime	NULL
GVA14	37	FECHA_INHA	datetime	NULL
GVA14	38	FECHA_VTO	datetime	NULL
GVA14	39	GRUPO_EMPR	varchar	6
GVA14	40	IB_L	bit	NULL
GVA14	41	IB_L3	bit	NULL
GVA14	42	ID_EXTERNO	varchar	17
GVA14	43	ID_INTERNO	varchar	17
GVA14	44	II_D	varchar	1
GVA14	45	II_IB3	bit	NULL
GVA14	46	II_L	varchar	1
GVA14	47	IVA_D	varchar	1
GVA14	48	IVA_L	varchar	1
GVA14	49	LIB	varchar	1
GVA14	50	LOCALIDAD	varchar	20
GVA14	51	N_IMPUESTO	varchar	160
GVA14	52	N_ING_BRUT	varchar	20
GVA14	53	NOM_COM	varchar	60
GVA14	54	NRO_ENVIO	varchar	9
GVA14	55	NRO_INSCR	varchar	12
GVA14	56	NRO_LEGAL	varchar	9
GVA14	57	NRO_LISTA	smallint	NULL
GVA14	58	OBSERVACIO	varchar	60
GVA14	59	PARTIDOENV	varchar	30
GVA14	60	PERMITE_IS	bit	NULL
GVA14	61	PISO_ENVIO	varchar	12
GVA14	62	PISO_LEGAL	varchar	12
GVA14	63	PORC_DESC	decimal	NULL
GVA14	64	PORC_EXCL	decimal	NULL
GVA14	65	PORC_L	decimal	NULL
GVA14	66	PORC_RECAR	decimal	NULL
GVA14	67	PUNTAJE	float	NULL
GVA14	68	RAZON_SOCI	varchar	60
GVA14	69	SALDO_ANT	decimal	NULL
GVA14	70	SALDO_CC	decimal	NULL
GVA14	71	SALDO_DOC	decimal	NULL
GVA14	72	SALDO_D_UN	decimal	NULL
GVA14	73	SOBRE_II	varchar	1
GVA14	74	SOBRE_IVA	varchar	1
GVA14	75	TELEFONO_1	varchar	30
GVA14	76	TELEFONO_2	varchar	30
GVA14	77	TIPO	varchar	1
GVA14	78	TIPO_DOC	smallint	NULL
GVA14	79	ZONA_ENVIO	varchar	2
GVA14	80	FECHA_MODI	datetime	NULL
GVA14	81	EXP_SALDO	bit	NULL
GVA14	82	N_PAGOELEC	varchar	14
GVA14	83	MON_CTE	bit	NULL
GVA14	84	SAL_AN_UN	decimal	NULL
GVA14	85	SALDO_CC_U	decimal	NULL
GVA14	86	SUCUR_ORI	smallint	NULL
GVA14	87	LIMCRE_EN	varchar	1
GVA14	88	RG_1361	bit	NULL
GVA14	89	CAL_DEB_IN	bit	NULL
GVA14	90	PORCE_INT	decimal	NULL
GVA14	91	MON_MI_IN	decimal	NULL
GVA14	92	DIAS_MI_IN	smallint	NULL
GVA14	93	DESTINO_DE	varchar	1
GVA14	94	CLA_IMP_CL	varchar	6
GVA14	95	RECIBE_DE	bit	NULL
GVA14	96	AUT_DE	bit	NULL
GVA14	97	MAIL_DE	varchar	60
GVA14	98	WEB	varchar	60
GVA14	99	COD_RUBRO	varchar	4
GVA14	100	CTA_CLI	float	NULL
GVA14	101	CTO_CLI	varchar	10
GVA14	102	COD_GVA14	varchar	10
GVA14	103	CBU	varchar	22
GVA14	104	IDENTIF_AFIP	varchar	50
GVA14	105	IDIOMA_CTE	varchar	1
GVA14	106	DET_ARTIC	varchar	1
GVA14	107	INC_COMENT	varchar	1
GVA14	108	ID_GVA44_FEX	int	NULL
GVA14	109	ID_GVA44_NCEX	int	NULL
GVA14	110	ID_GVA44_NDEX	int	NULL
GVA27	1	ID_GVA27	int	NULL
GVA27	2	FILLER	varchar	20
GVA27	3	CARGO	varchar	20
GVA27	4	COD_CLIENT	varchar	6
GVA27	5	DEFECTO	varchar	1
GVA27	6	E_MAIL	varchar	60
GVA27	7	NOMBRE	varchar	30
GVA27	8	OBSERVACIO	varchar	60
GVA27	9	TELEFONO	varchar	30
GVA18	1	ID_GVA18	int	NULL
GVA18	2	FILLER	varchar	20
GVA18	3	ALICUOTA1	varchar	2
GVA18	4	ALICUOTA2	varchar	2
GVA18	5	ALICUOTA3	varchar	2
GVA18	6	ALICUOTA4	varchar	2
GVA18	7	ALICUOTA5	varchar	2
GVA18	8	COD_PARTI1	varchar	2
GVA18	9	COD_PARTI2	varchar	2
GVA18	10	COD_PARTI3	varchar	2
GVA18	11	COD_PARTI4	varchar	2
GVA18	12	COD_PARTI5	varchar	2
GVA18	13	COD_PROVIN	varchar	2
GVA18	14	COD_SICORE	varchar	2
GVA18	15	COD_SIFERE	smallint	NULL
GVA18	16	NOMBRE_PRO	varchar	20
GVA18	17	COD_PAIS	varchar	2
STA11	1	ID_STA11	int	NULL
STA11	2	FILLER	varchar	20
STA11	3	ADJUNTO	varchar	60
STA11	4	ALI_NO_CAT	smallint	NULL
STA11	5	BAJA_STK	varchar	2
STA11	6	BMP	varchar	60
STA11	7	CL_SIAP_CP	varchar	3
STA11	8	CL_SIAP_GV	varchar	3
STA11	9	COD_ACTIVI	smallint	NULL
STA11	10	COD_ARTICU	varchar	15
STA11	11	COD_BARRA	varchar	40
STA11	12	COD_DEP	varchar	2
STA11	13	COD_IB	smallint	NULL
STA11	14	COD_IB3	smallint	NULL
STA11	15	COD_II	smallint	NULL
STA11	16	COD_II_CO	smallint	NULL
STA11	17	COD_IVA	smallint	NULL
STA11	18	COD_IVA_CO	smallint	NULL
STA11	19	COD_S_II	smallint	NULL
STA11	20	COD_S_II_C	smallint	NULL
STA11	21	COD_S_IVA	smallint	NULL
STA11	22	COD_S_IV_C	smallint	NULL
STA11	23	COMISION_V	decimal	NULL
STA11	24	CONSID_TMP	bit	NULL
STA11	25	CTA_COMPRA	float	NULL
STA11	26	CTA_VENTAS	float	NULL
STA11	27	CTO_COMPRA	varchar	10
STA11	28	CTO_VENTAS	varchar	10
STA11	29	DESC_ADIC	varchar	20
STA11	30	DESCRIPCIO	varchar	30
STA11	31	DESCUENTO	decimal	NULL
STA11	32	DESTI_ART	bit	NULL
STA11	33	EQUIVALE_V	decimal	NULL
STA11	34	ESCALA_1	varchar	2
STA11	35	ESCALA_2	varchar	2
STA11	36	ESPEC_AUTO	varchar	1
STA11	37	FACT_IMPOR	bit	NULL
STA11	38	FAVORITO	bit	NULL
STA11	39	FECHA_ALTA	datetime	NULL
STA11	40	GEN_IB	bit	NULL
STA11	41	GEN_IB3	bit	NULL
STA11	42	IMPR_CARTA	bit	NULL
STA11	43	IMPUESTO_I	decimal	NULL
STA11	44	IMPUEST_IC	decimal	NULL
STA11	45	MOD_DESCAR	varchar	1
STA11	46	PERC_NO_CA	bit	NULL
STA11	47	PERFIL	varchar	1
STA11	48	PORC_DESVI	decimal	NULL
STA11	49	PORC_SCRAP	decimal	NULL
STA11	50	PORC_UTILI	decimal	NULL
STA11	51	PROMODESDE	datetime	NULL
STA11	52	PROMOHASTA	datetime	NULL
STA11	53	PROMO_MENU	varchar	1
STA11	54	PTO_PEDIDO	decimal	NULL
STA11	55	PUNTAJE	float	NULL
STA11	56	RET_RNI	bit	NULL
STA11	57	RET_RNI_CO	smallint	NULL
STA11	58	SINONIMO	varchar	15
STA11	59	STOCK	bit	NULL
STA11	60	STOCK_MAXI	decimal	NULL
STA11	61	STOCK_MINI	decimal	NULL
STA11	62	STOCK_NEG	bit	NULL
STA11	63	TIEMPO	varchar	4
STA11	64	TIPO_PROMO	varchar	1
STA11	65	UNIDAD_MED	varchar	3
STA11	66	UNIDAD_VE	varchar	10
STA11	67	USA_ESC	varchar	1
STA11	68	USA_PARTID	bit	NULL
STA11	69	USA_SCRAP	bit	NULL
STA11	70	USA_SERIE	bit	NULL
STA11	71	FECHA_MODI	datetime	NULL
STA11	72	DISP_MOVIL	varchar	1
STA11	73	RENTA_UM_S	varchar	1
STA11	74	RENTA_UM_V	varchar	1
STA11	75	RENTA_PROD	varchar	6
STA11	76	RENTA_EQ_S	decimal	NULL
STA11	77	RENTA_EQ_V	decimal	NULL
STA11	78	GENERACOT	bit	NULL
STA11	79	USA_CTRPRE	bit	NULL
STA11	80	COD_II_V_2	smallint	NULL
STA11	81	COD_SII_V2	smallint	NULL
STA11	82	IMP_II_V_2	decimal	NULL
STA11	83	BASE	varchar	15
STA11	84	VALOR1	varchar	10
STA11	85	VALOR2	varchar	10
STA11	86	MET_DES_PA	varchar	3
STA11	87	ORD_DES_PA	varchar	1
STA11	88	AFIP_UM_S	smallint	NULL
STA11	89	AFIP_UM_V	smallint	NULL
STA11	90	AFIP_EQ_S	decimal	NULL
STA11	91	AFIP_EQ_V	decimal	NULL
STA11	92	FERIADOS	bit	NULL
STA11	93	LUNES	bit	NULL
STA11	94	MARTES	bit	NULL
STA11	95	MIERCOLES	bit	NULL
STA11	96	JUEVES	bit	NULL
STA11	97	VIERNES	bit	NULL
STA11	98	SABADO	bit	NULL
STA11	99	DOMINGO	bit	NULL
STA11	100	COD_PLANTI	varchar	10
STA11	101	AFECTA_AF	bit	NULL
STA11	102	COD_TIPOB	varchar	10
STA11	103	REMITIBLE	varchar	1
STA11	104	CARGA_RAP	varchar	1
STA11	105	COD_STA11	varchar	17
STA11	106	AFIP_UMEX_V	smallint	NULL
STA11	107	AFIP_UMEX_S	smallint	NULL
STA36	1	ID_STA36	int	NULL
STA36	2	FILLER	varchar	20
STA36	3	COD_ARTICU	varchar	15
STA36	4	COD_PRE_CO	varchar	2
STA36	5	EQUIVALENC	decimal	NULL
STA36	6	PRE_HABIT	varchar	1
STA36	7	UNIDAD_M_C	varchar	10
GVA10	1	ID_GVA10	int	NULL
GVA10	2	FILLER	varchar	20
GVA10	3	DECIMALES	smallint	NULL
GVA10	4	FEC_DESDE	datetime	NULL
GVA10	5	FEC_HASTA	datetime	NULL
GVA10	6	HABILITADA	bit	NULL
GVA10	7	INCLUY_IMP	bit	NULL
GVA10	8	INCLUY_IVA	bit	NULL
GVA10	9	MON_CTE	bit	NULL
GVA10	10	NOMBRE_LIS	varchar	20
GVA10	11	NRO_DE_LIS	smallint	NULL
GVA10	12	OBSERVAC	varchar	100
GVA17	1	ID_GVA17	int	NULL
GVA17	2	FILLER	varchar	20
GVA17	3	COD_ARTICU	varchar	15
GVA17	4	NRO_DE_LIS	smallint	NULL
GVA17	5	PRECIO	decimal	NULL
GVA17	6	FECHA_MODI	datetime	NULL
GVA17	7	BASE	bit	NULL
GVA12	1	ID_GVA12	int	NULL
GVA12	2	FILLER	varchar	20
GVA12	3	AFEC_STK	bit	NULL
GVA12	4	CANC_COMP	varchar	3
GVA12	5	CANT_HOJAS	smallint	NULL
GVA12	6	CAT_IVA	varchar	3
GVA12	7	CENT_STK	varchar	1
GVA12	8	CENT_COB	varchar	1
GVA12	9	CITI_OPERA	varchar	1
GVA12	10	CITI_TIPO	varchar	1
GVA12	11	COD_CAJA	smallint	NULL
GVA12	12	COD_CLIENT	varchar	6
GVA12	13	COD_SUCURS	varchar	2
GVA12	14	COD_TRANSP	varchar	2
GVA12	15	COD_VENDED	varchar	2
GVA12	16	COND_VTA	smallint	NULL
GVA12	17	CONTABILIZ	bit	NULL
GVA12	18	CONTFISCAL	bit	NULL
GVA12	19	COTIZ	decimal	NULL
GVA12	20	DESC_PANT	decimal	NULL
GVA12	21	ESTADO	varchar	3
GVA12	22	ESTADO_STK	varchar	1
GVA12	23	EXPORTADO	bit	NULL
GVA12	24	FECHA_ANU	datetime	NULL
GVA12	25	FECHA_EMIS	datetime	NULL
GVA12	26	ID_CIERRE	float	NULL
GVA12	27	IMPORTE	decimal	NULL
GVA12	28	IMPORTE_BO	decimal	NULL
GVA12	29	IMPORTE_EX	decimal	NULL
GVA12	30	IMPORTE_FL	decimal	NULL
GVA12	31	IMPORTE_GR	decimal	NULL
GVA12	32	IMPORTE_IN	decimal	NULL
GVA12	33	IMPORTE_IV	decimal	NULL
GVA12	34	IMP_TICK_N	decimal	NULL
GVA12	35	IMP_TICK_P	decimal	NULL
GVA12	36	LEYENDA	varchar	30
GVA12	37	LOTE	float	NULL
GVA12	38	MON_CTE	bit	NULL
GVA12	39	MOTI_ANU	varchar	30
GVA12	40	NRO_DE_LIS	smallint	NULL
GVA12	41	NRO_SUCURS	smallint	NULL
GVA12	42	N_COMP	varchar	13
GVA12	43	ORIGEN	varchar	1
GVA12	44	PORC_BONIF	decimal	NULL
GVA12	45	PORC_PRO	decimal	NULL
GVA12	46	PORC_REC	decimal	NULL
GVA12	47	PORC_TICK	decimal	NULL
GVA12	48	PROPINA	decimal	NULL
GVA12	49	PROPINA_EX	decimal	NULL
GVA12	50	PTO_VTA	bit	NULL
GVA12	51	REC_PANT	decimal	NULL
GVA12	52	TALONARIO	smallint	NULL
GVA12	53	TCOMP_IN_V	varchar	2
GVA12	54	TICKET	varchar	1
GVA12	55	TIPO_ASIEN	varchar	2
GVA12	56	TIPO_EXPOR	varchar	1
GVA12	57	TIPO_VEND	varchar	1
GVA12	58	T_COMP	varchar	3
GVA12	59	T_FORM	varchar	1
GVA12	60	UNIDADES	decimal	NULL
GVA12	61	LOTE_ANU	float	NULL
GVA12	62	PORC_INT	decimal	NULL
GVA12	63	PORC_FLE	decimal	NULL
GVA12	64	ESTADO_UNI	varchar	3
GVA12	65	ID_CFISCAL	varchar	10
GVA12	66	NUMERO_Z	float	NULL
GVA12	67	HORA_COMP	varchar	6
GVA12	68	SENIA	bit	NULL
GVA12	69	ID_TURNO	float	NULL
GVA12	70	ID_TURNOX	float	NULL
GVA12	71	HORA_ANU	varchar	6
GVA12	72	CCONTROL	varchar	14
GVA12	73	ID_A_RENTA	float	NULL
GVA12	74	COD_CLASIF	varchar	6
GVA12	75	AFEC_CIERR	varchar	1
GVA12	76	CAICAE	varchar	14
GVA12	77	CAICAE_VTO	datetime	NULL
GVA12	78	DOC_ELECTR	bit	NULL
GVA12	79	SERV_DESDE	datetime	NULL
GVA12	80	SERV_HASTA	datetime	NULL
GVA12	81	CANT_IMP	smallint	NULL
GVA12	82	CANT_MAIL	smallint	NULL
GVA12	83	ULT_IMP	datetime	NULL
GVA12	84	ULT_MAIL	datetime	NULL
GVA12	85	MORA_SOBRE	varchar	1
GVA12	86	ESTADO_ANT	varchar	3
GVA12	87	T_DOC_DTE	varchar	3
GVA12	88	DTE_ANU	varchar	3
GVA12	89	FOLIO_ANU	varchar	13
GVA12	90	REBAJA_DEB	bit	NULL
GVA12	91	SUCURS_SII	float	NULL
GVA12	92	EXENTA	bit	NULL
GVA12	93	MOTIVO_DTE	smallint	NULL
GVA12	94	IMPOR_EXT	decimal	NULL
GVA12	95	CERRADO	bit	NULL
GVA12	96	IMP_BO_EXT	decimal	NULL
GVA12	97	IMP_EX_EXT	decimal	NULL
GVA12	98	IMP_FL_EXT	decimal	NULL
GVA12	99	IMP_GR_EXT	decimal	NULL
GVA12	100	IMP_IN_EXT	decimal	NULL
GVA12	101	IMP_IV_EXT	decimal	NULL
GVA12	102	IM_TIC_N_E	decimal	NULL
GVA12	103	IM_TIC_P_E	decimal	NULL
GVA12	104	UNIDAD_EXT	decimal	NULL
GVA12	105	PROPIN_EXT	decimal	NULL
GVA12	106	PRO_EX_EXT	decimal	NULL
GVA12	107	REC_PAN_EX	decimal	NULL
GVA12	108	DES_PAN_EX	decimal	NULL
GVA12	109	T_DTO_COMP	varchar	1
GVA12	110	RECARGO_PV	decimal	NULL
GVA12	111	NCOMP_IN_V	float	NULL
GVA12	112	ID_ASIENTO_MODELO_GV	int	NULL
GVA12	113	GENERA_ASIENTO	char	1
GVA12	114	FECHA_INGRESO	datetime	NULL
GVA12	115	HORA_INGRESO	varchar	6
GVA12	116	USUARIO_INGRESO	varchar	120
GVA12	117	TERMINAL_INGRESO	varchar	255
GVA12	118	FECHA_ULTIMA_MODIFICACION	datetime	NULL
GVA12	119	HORA_ULTIMA_MODIFICACION	varchar	6
GVA12	120	USUA_ULTIMA_MODIFICACION	varchar	120
GVA12	121	TERM_ULTIMA_MODIFICACION	varchar	255
GVA12	122	ID_PUESTO_CAJA	int	NULL
GVA12	123	NCOMP_IN_ORIGEN	float	NULL
GVA12	124	OBS_COMERC	text	2147483647
GVA12	125	OBSERVAC	text	2147483647
GVA12	126	LEYENDA_1	varchar	60
GVA12	127	LEYENDA_2	varchar	60
GVA12	128	LEYENDA_3	varchar	60
GVA12	129	LEYENDA_4	varchar	60
GVA12	130	LEYENDA_5	varchar	60
GVA53	1	ID_GVA53	int	NULL
GVA53	2	FILLER	varchar	20
GVA53	3	CANC_CRE	decimal	NULL
GVA53	4	CANTIDAD	decimal	NULL
GVA53	5	CAN_EQUI_V	decimal	NULL
GVA53	6	CENT_STK	varchar	1
GVA53	7	COD_ARTICU	varchar	15
GVA53	8	COD_DEPOSI	varchar	2
GVA53	9	FALTAN_REM	decimal	NULL
GVA53	10	FECHA_MOV	datetime	NULL
GVA53	11	IMP_NETO_P	decimal	NULL
GVA53	12	IMP_RE_PAN	decimal	NULL
GVA53	13	N_COMP	varchar	13
GVA53	14	N_PARTIDA	float	NULL
GVA53	15	N_RENGL_V	int	NULL
GVA53	16	PORC_DTO	decimal	NULL
GVA53	17	PORC_IVA	decimal	NULL
GVA53	18	PPP_EX	decimal	NULL
GVA53	19	PPP_LO	decimal	NULL
GVA53	20	PRECIO_NET	decimal	NULL
GVA53	21	PRECIO_PAN	decimal	NULL
GVA53	22	PREC_ULC_E	decimal	NULL
GVA53	23	PREC_ULC_L	decimal	NULL
GVA53	24	PROMOCION	bit	NULL
GVA53	25	T_COMP	varchar	3
GVA53	26	TCOMP_IN_V	varchar	2
GVA53	27	COD_CLASIF	varchar	6
GVA53	28	IM_NET_P_E	decimal	NULL
GVA53	29	IM_RE_PA_E	decimal	NULL
GVA53	30	PREC_NET_E	decimal	NULL
GVA53	31	PREC_PAN_E	decimal	NULL
GVA53	32	PR_ULC_E_E	decimal	NULL
GVA53	33	PR_ULC_L_E	decimal	NULL
GVA53	34	PRECSINDTO	decimal	NULL
GVA53	35	IMPORTE_EXENTO	decimal	NULL
GVA53	36	IMPORTE_GRAVADO	decimal	NULL
GVA125	1	ID_GVA125	int	NULL
GVA125	2	RENTA_PROD	varchar	6
GVA125	3	UNI_MEDIDA	varchar	2
GVA125	4	DESCRIPCIO	varchar	255
GVA125	5	FILLER	varchar	20
GVA125	6	DESCADIC1	varchar	255
GVA125	7	DESCADIC2	varchar	255
GVA125	8	DESCADIC3	varchar	255
GVA15	1	ID_GVA15	int	NULL
GVA15	2	FILLER	varchar	20
GVA15	3	AFECTA_STO	varchar	1
GVA15	4	COMISION_V	varchar	1
GVA15	5	DESCRIPCIO	varchar	20
GVA15	6	DIF_CAMBIO	bit	NULL
GVA15	7	IDENT_COMP	varchar	3
GVA15	8	ING_BTOS	varchar	1
GVA15	9	IVA_VTAS	varchar	1
GVA15	10	RANK_VTAS	varchar	1
GVA15	11	RET_IVA	varchar	1
GVA15	12	TIPO_ASIEN	varchar	2
GVA15	13	TIPO_COMP	varchar	1
GVA15	14	VENT_ART	varchar	1
GVA15	15	VENT_ART_C	bit	NULL
GVA15	16	VENT_PROV	varchar	1
GVA15	17	VENT_SUC	varchar	1
GVA15	18	VENT_VENDE	varchar	1
GVA15	19	VENT_ZONA	varchar	1
GVA15	20	VENT_SECT	bit	NULL
GVA15	21	RESU_ART	bit	NULL
GVA15	22	DEB_MORA	bit	NULL
GVA15	23	COD_GVA15	varchar	10
GVA15	24	CLASE_OPERACION	char	3
GVA46	1	ID_GVA46	int	NULL
GVA46	2	FILLER	varchar	20
GVA46	3	ESTADO_VTO	varchar	3
GVA46	4	FECHA_VTO	datetime	NULL
GVA46	5	IMPORTE_VT	decimal	NULL
GVA46	6	N_COMP	varchar	13
GVA46	7	T_COMP	varchar	3
GVA46	8	ESTADO_UNI	varchar	3
GVA46	9	IMP_VT_UNI	decimal	NULL
GVA46	10	IMP_VT_EXT	decimal	NULL
GVA46	11	IM_VT_UN_E	decimal	NULL
GVA07	1	ID_GVA07	int	NULL
GVA07	2	FILLER	varchar	20
GVA07	3	FECHA_VTO	datetime	NULL
GVA07	4	F_COMP_CAN	datetime	NULL
GVA07	5	IMPORTE_VT	decimal	NULL
GVA07	6	IMPORT_CAN	decimal	NULL
GVA07	7	MISMO_CLIE	bit	NULL
GVA07	8	N_COMP	varchar	13
GVA07	9	N_COMP_CAN	varchar	13
GVA07	10	T_COMP	varchar	3
GVA07	11	T_COMP_CAN	varchar	3
GVA07	12	IMP_CAN_UN	decimal	NULL
GVA07	13	IMP_VT_UNI	decimal	NULL
GVA07	14	IMP_VT_EXT	decimal	NULL
GVA07	15	IM_CAN_EXT	decimal	NULL
GVA07	16	IM_CA_UN_E	decimal	NULL
GVA07	17	IM_VT_UN_E	decimal	NULL
GVA42	1	ID_GVA42	int	NULL
GVA42	2	FILLER	varchar	20
GVA42	3	COD_ALICUO	smallint	NULL
GVA42	4	IMPORTE	decimal	NULL
GVA42	5	N_COMP	varchar	13
GVA42	6	NETO_GRAV	decimal	NULL
GVA42	7	PERCEP	decimal	NULL
GVA42	8	PORCENTAJE	decimal	NULL
GVA42	9	T_COMP	varchar	3
GVA42	10	COD_IMPUES	varchar	2
GVA42	11	COD_SII	varchar	3
GVA42	12	IMP_EXT	decimal	NULL
GVA42	13	NE_GRAV_EX	decimal	NULL
GVA42	14	PERCEP_EXT	decimal	NULL
GVA63	1	ID_GVA63	int	NULL
GVA63	2	FILLER	varchar	20
GVA63	3	CLASIF_SIA	varchar	3
GVA63	4	IMPORT_RNI	decimal	NULL
GVA63	5	IMPORTE	decimal	NULL
GVA63	6	N_COMP	varchar	13
GVA63	7	POR_ALI_NG	decimal	NULL
GVA63	8	T_COMP	varchar	3
GVA63	9	IMP_RNI_EXT	decimal	NULL
GVA63	10	IMPORT_EXT	decimal	NULL
GVA63	11	PO_AL_NG_E	decimal	NULL
GVA43	1	ID_GVA43	int	NULL
GVA43	2	FILLER	varchar	20
GVA43	3	CAI	varchar	14
GVA43	4	CF_COPIAS	smallint	NULL
GVA43	5	COMPROB	varchar	3
GVA43	6	CONT_FISCA	smallint	NULL
GVA43	7	DESCRIP	varchar	30
GVA43	8	DESTINO	varchar	30
GVA43	9	DUPLICA	bit	NULL
GVA43	10	EDITA_NRO	bit	NULL
GVA43	11	FECHA_VTO	datetime	NULL
GVA43	12	MODELO_CF	varchar	10
GVA43	13	NRO_DESDE	varchar	8
GVA43	14	NRO_HASTA	varchar	8
GVA43	15	PROXIMO	varchar	16
GVA43	16	RENGLONES	int	NULL
GVA43	17	SUCURSAL	varchar	4
GVA43	18	T_FORM	varchar	1
GVA43	19	TALONARIO	smallint	NULL
GVA43	20	TIPO	varchar	1
GVA43	21	EXCLUSIVO	bit	NULL
GVA43	22	COD_CAJA	smallint	NULL
GVA43	23	T_MANUAL	varchar	1
GVA43	24	NROAUTORIZ	float	NULL
GVA43	25	LLAVE1	varchar	128
GVA43	26	LLAVE2	varchar	128
GVA43	27	FECH_AVISO	datetime	NULL
GVA43	28	VAL_FECHA	bit	NULL
GVA43	29	DOC_ELECTR	bit	NULL
GVA43	30	MET_CON_DE	varchar	1
GVA43	31	DI_IMG_TYP	varchar	255
GVA43	32	DESTINO_DE	varchar	1
GVA43	33	IMP_DE	bit	NULL
GVA43	34	MAIL_DE	bit	NULL
GVA43	35	EXPORTA	bit	NULL
GVA43	36	T_DOC_DTE	varchar	3
GVA43	37	SUCURSAL_DESTINO	smallint	NULL
STA14	1	ID_STA14	int	NULL
STA14	2	FILLER	varchar	20
STA14	3	COD_PRO_CL	varchar	6
STA14	4	COTIZ	decimal	NULL
STA14	5	ESTADO_MOV	varchar	1
STA14	6	EXPORTADO	bit	NULL
STA14	7	EXP_STOCK	bit	NULL
STA14	8	FECHA_ANU	datetime	NULL
STA14	9	FECHA_MOV	datetime	NULL
STA14	10	HORA	varchar	4
STA14	11	ID_CARPETA	varchar	12
STA14	12	LISTA_REM	smallint	NULL
STA14	13	LOTE	float	NULL
STA14	14	LOTE_ANU	float	NULL
STA14	15	MON_CTE	bit	NULL
STA14	16	MOTIVO_REM	varchar	1
STA14	17	N_COMP	varchar	13
STA14	18	N_REMITO	varchar	13
STA14	19	NCOMP_IN_S	varchar	8
STA14	20	NCOMP_ORIG	varchar	13
STA14	21	NRO_SUCURS	smallint	NULL
STA14	22	OBSERVACIO	varchar	30
STA14	23	SUC_ORIG	smallint	NULL
STA14	24	T_COMP	varchar	3
STA14	25	TALONARIO	smallint	NULL
STA14	26	TCOMP_IN_S	varchar	2
STA14	27	TCOMP_ORIG	varchar	3
STA14	28	USUARIO	varchar	30
STA14	29	COD_TRANSP	varchar	2
STA14	30	HORA_COMP	varchar	6
STA14	31	ID_A_RENTA	float	NULL
STA14	32	DOC_ELECTR	bit	NULL
STA14	33	COD_CLASIF	varchar	6
STA14	34	AUDIT_IMP	varchar	60
STA14	35	IMP_IVA	decimal	NULL
STA14	36	IMP_OTIMP	decimal	NULL
STA14	37	IMPORTE_BO	decimal	NULL
STA14	38	IMPORTE_TO	decimal	NULL
STA14	39	DIFERENCIA	varchar	1
STA14	40	SUC_DESTIN	smallint	NULL
STA14	41	T_DOC_DTE	varchar	3
STA14	42	LEYENDA1	varchar	60
STA14	43	LEYENDA2	varchar	60
STA14	44	LEYENDA3	varchar	60
STA14	45	LEYENDA4	varchar	60
STA14	46	LEYENDA5	varchar	60
STA14	47	DCTO_CLIEN	decimal	NULL
STA14	48	T_INT_ORI	varchar	2
STA14	49	N_INT_ORI	varchar	8
STA20	1	ID_STA20	int	NULL
STA20	2	FILLER	varchar	20
STA20	3	CAN_EQUI_V	decimal	NULL
STA20	4	CANT_DEV	decimal	NULL
STA20	5	CANT_OC	decimal	NULL
STA20	6	CANT_PEND	decimal	NULL
STA20	7	CANT_SCRAP	decimal	NULL
STA20	8	CANTIDAD	decimal	NULL
STA20	9	COD_ARTICU	varchar	15
STA20	10	COD_DEPOSI	varchar	2
STA20	11	COD_PRE_CO	varchar	2
STA20	12	DEPOSI_DDE	varchar	2
STA20	13	EQUIVALENC	decimal	NULL
STA20	14	FECHA_MOV	datetime	NULL
STA20	15	N_ORDEN_CO	varchar	13
STA20	16	N_RENGL_OC	int	NULL
STA20	17	N_RENGL_S	int	NULL
STA20	18	NCOMP_IN_S	varchar	8
STA20	19	PLISTA_REM	decimal	NULL
STA20	20	PPP_EX	decimal	NULL
STA20	21	PPP_LO	decimal	NULL
STA20	22	PRECIO	decimal	NULL
STA20	23	PRECIO_REM	decimal	NULL
STA20	24	TCOMP_IN_S	varchar	2
STA20	25	TIPO_MOV	varchar	1
STA20	26	COD_CLASIF	varchar	6
STA20	27	CANT_FACTU	decimal	NULL
STA20	28	DCTO_FACTU	decimal	NULL
GVA54	1	ID_GVA54	int	NULL
GVA54	2	FILLER	varchar	20
GVA54	3	CANTIDAD	decimal	NULL
GVA54	4	N_COMP	varchar	13
GVA54	5	N_RENGL_S	int	NULL
GVA54	6	N_RENGL_V	int	NULL
GVA54	7	NCOMP_IN_S	varchar	8
GVA54	8	T_COMP_V	varchar	3
GVA54	9	TCOMP_IN_S	varchar	2
GVA88	1	ID_GVA88	int	NULL
GVA88	2	FILLER	varchar	20
GVA88	3	COD_ALICUO	smallint	NULL
GVA88	4	IMPORTE	decimal	NULL
GVA88	5	N_COMP	varchar	13
GVA88	6	NETO_GRAV	decimal	NULL
GVA88	7	PERCEP	decimal	NULL
GVA88	8	PORCENTAJE	decimal	NULL
GVA88	9	T_COMP	varchar	3
GVA88	10	COD_IMPUES	varchar	2
GVA88	11	IMP_EXT	decimal	NULL
GVA88	12	NE_GRAV_EX	decimal	NULL
GVA88	13	PERCEP_EXT	decimal	NULL
GVA88	14	CODIGO_SII	varchar	3
GVA151	1	ID_GVA151	int	NULL
GVA151	2	COD_RUBRO	varchar	4
GVA151	3	DESC_RUBRO	varchar	40
GVA151	4	AFECTA_GV	bit	NULL
GVA151	5	AFECTA_CP	bit	NULL
GVA151	6	FILLER	varchar	20
CPA01	1	ID_CPA01	int	NULL
CPA01	2	FILLER	varchar	20
CPA01	3	ADJUNTO	varchar	60
CPA01	4	ASOCIA_CAR	bit	NULL
CPA01	5	BMP	varchar	60
CPA01	6	C_POSTAL	varchar	8
CPA01	7	CAI	varchar	14
CPA01	8	CITI_OPERA	varchar	1
CPA01	9	CITI_TIPO	varchar	1
CPA01	10	CLAS_SIAP	varchar	3
CPA01	11	CLAUSULA	bit	NULL
CPA01	12	COD_PROVEE	varchar	6
CPA01	13	COND_COMPR	smallint	NULL
CPA01	14	COND_IVA	varchar	3
CPA01	15	CONTACTO	varchar	30
CPA01	16	CONTFISCAL	bit	NULL
CPA01	17	DOMICILIO	varchar	30
CPA01	18	E_MAIL	varchar	60
CPA01	19	FECHA_ALTA	datetime	NULL
CPA01	20	FECHA_ANT	datetime	NULL
CPA01	21	FECHA_INHA	datetime	NULL
CPA01	22	FECHA_VTO	datetime	NULL
CPA01	23	ID_EXTERNO	varchar	17
CPA01	24	ID_INTERNO	varchar	17
CPA01	25	II_L	bit	NULL
CPA01	26	II_S	bit	NULL
CPA01	27	INC_II_LIS	bit	NULL
CPA01	28	INC_IVA_LI	bit	NULL
CPA01	29	IVA_L	bit	NULL
CPA01	30	IVA_S	bit	NULL
CPA01	31	LETRA_HABI	varchar	1
CPA01	32	LIM_CREDIT	decimal	NULL
CPA01	33	LOCALIDAD	varchar	20
CPA01	34	MON_CTE_HA	varchar	1
CPA01	35	N_CUIT	varchar	15
CPA01	36	N_ING_BRUT	varchar	20
CPA01	37	N_IVA	varchar	160
CPA01	38	NOM_PROVEE	varchar	60
CPA01	39	OBSERVACIO	varchar	60
CPA01	40	OBSERVAC_2	varchar	60
CPA01	41	ORDEN	varchar	60
CPA01	42	PROVINCIA	varchar	2
CPA01	43	RNI	bit	NULL
CPA01	44	SALDO_ANT	decimal	NULL
CPA01	45	SALDO_CC	decimal	NULL
CPA01	46	SALDO_DOC	decimal	NULL
CPA01	47	SALDOC_UNI	decimal	NULL
CPA01	48	T_FORM	varchar	1
CPA01	49	TELEFONO_1	varchar	13
CPA01	50	TELEFONO_2	varchar	13
CPA01	51	TIPO	varchar	1
CPA01	52	TIPO_DOC	smallint	NULL
CPA01	53	FECHA_MODI	datetime	NULL
CPA01	54	EXP_SALDO	bit	NULL
CPA01	55	EXPORTA	bit	NULL
CPA01	56	NOM_FANT	varchar	60
CPA01	57	COD_DEPOSI	varchar	2
CPA01	58	COD_SECTOR	varchar	5
CPA01	59	COD_GASTO	varchar	3
CPA01	60	COD_CONIVA	varchar	3
CPA01	61	COD_COEXE	varchar	3
CPA01	62	LISTA_XML	smallint	NULL
CPA01	63	TALREM_XML	smallint	NULL
CPA01	64	ART_FLETES	varchar	15
CPA01	65	ART_SEGURO	varchar	15
CPA01	66	CODCOM_FON	varchar	3
CPA01	67	CODCTA_DEB	float	NULL
CPA01	68	CODCTA_FON	float	NULL
CPA01	69	COD_OPERAC	varchar	2
CPA01	70	PROV_ELECT	bit	NULL
CPA01	71	SUCUR_ORI	smallint	NULL
CPA01	72	INF_IVA	varchar	1
CPA01	73	CFONDO_PM	float	NULL
CPA01	74	DIAS_CH_PM	smallint	NULL
CPA01	75	CFUNICA_PM	float	NULL
CPA01	76	PAGO_CHE	bit	NULL
CPA01	77	EMAIL_DE	varchar	60
CPA01	78	HABIL_PM	bit	NULL
CPA01	79	WEB	varchar	60
CPA01	80	COD_RUBRO	varchar	4
CPA01	81	CTA_PRO	float	NULL
CPA01	82	CTO_PRO	varchar	10
CPA01	83	CALCU_RET	varchar	1
CPA01	84	NUM_AUTOMA	varchar	1
CPA01	85	TASIEN_DEB	varchar	2
CPA01	86	TASIEN_CRE	varchar	2
CPA01	87	TASIEN_FAC	varchar	2
CPA01	88	COD_CPA01	varchar	10
CPA01	89	CBU	varchar	22
CPA02	1	ID_CPA02	int	NULL
CPA02	2	FILLER	varchar	20
CPA02	3	COD_PROVE	varchar	6
CPA02	4	TEXTO_IB_1	varchar	60
CPA02	5	TEXTO_IB_2	varchar	60
CPA02	6	TEXTO_IB_3	varchar	60
CPA02	7	TEXTO_IB_4	varchar	60
CPA04	1	ID_CPA04	int	NULL
CPA04	2	FILLER	varchar	20
CPA04	3	BARRA_FON	smallint	NULL
CPA04	4	CAI	varchar	14
CPA04	5	CAT_IVA	varchar	3
CPA04	6	CITI_OPERA	varchar	1
CPA04	7	CITI_TIPO	varchar	1
CPA04	8	COD_GASTO	varchar	3
CPA04	9	COD_IVA1	smallint	NULL
CPA04	10	COD_IVA2	smallint	NULL
CPA04	11	COD_IVA3	smallint	NULL
CPA04	12	COD_IVA4	smallint	NULL
CPA04	13	COD_IVA5	smallint	NULL
CPA04	14	COD_PROVEE	varchar	6
CPA04	15	COD_SECTOR	varchar	5
CPA04	16	COMP_AFIP	smallint	NULL
CPA04	17	COND_COMPR	smallint	NULL
CPA04	18	CONTABILIZ	bit	NULL
CPA04	19	CONTFISCAL	bit	NULL
CPA04	20	COTIZACION	decimal	NULL
CPA04	21	DESPACHO	varchar	25
CPA04	22	ESTADO	varchar	3
CPA04	23	ESTADO_AUT	varchar	1
CPA04	24	ESTADO_STK	varchar	1
CPA04	25	FECHA_CONT	datetime	NULL
CPA04	26	FECHA_EMIS	datetime	NULL
CPA04	27	FECHA_VTO	datetime	NULL
CPA04	28	IMP_IVA1	decimal	NULL
CPA04	29	IMP_IVA2	decimal	NULL
CPA04	30	IMP_IVA3	decimal	NULL
CPA04	31	IMP_IVA4	decimal	NULL
CPA04	32	IMP_IVA5	decimal	NULL
CPA04	33	IMPORTE_AN	decimal	NULL
CPA04	34	IMPORTE_BO	decimal	NULL
CPA04	35	IMPORTE_EX	decimal	NULL
CPA04	36	IMPORTE_FL	decimal	NULL
CPA04	37	IMPORTE_IN	decimal	NULL
CPA04	38	IMPORTE_NE	decimal	NULL
CPA04	39	IMPORTE_TO	decimal	NULL
CPA04	40	INC_II	bit	NULL
CPA04	41	INC_IVA	bit	NULL
CPA04	42	LEYENDA	varchar	30
CPA04	43	LOTE	float	NULL
CPA04	44	MON_CTE	bit	NULL
CPA04	45	N_COMP	varchar	13
CPA04	46	N_COMP_FON	varchar	13
CPA04	47	NCOMP_IN_C	float	NULL
CPA04	48	PORC_BONIF	decimal	NULL
CPA04	49	PORC_IVA1	decimal	NULL
CPA04	50	PORC_IVA2	decimal	NULL
CPA04	51	PORC_IVA3	decimal	NULL
CPA04	52	PORC_IVA4	decimal	NULL
CPA04	53	PORC_IVA5	decimal	NULL
CPA04	54	SUBT_EXENT	decimal	NULL
CPA04	55	SUBT_GRAVA	decimal	NULL
CPA04	56	T_COMP	varchar	3
CPA04	57	T_COMP_FON	varchar	3
CPA04	58	TCOMP_IN_C	varchar	2
CPA04	59	TIPO_ASIEN	varchar	2
CPA04	60	TIPO_COMPR	varchar	1
CPA04	61	TIPO_IMPOR	varchar	1
CPA04	62	UNIDADES	decimal	NULL
CPA04	63	HORA	varchar	6
CPA04	64	DIFERENCIA	varchar	1
CPA04	65	EXPORTADO	bit	NULL
CPA04	66	NRO_SUCURS	smallint	NULL
CPA04	67	CCONTROL	varchar	14
CPA04	68	BO_AUTORIZ	float	NULL
CPA04	69	DOC_ELECTR	bit	NULL
CPA04	70	INF_IVA	varchar	1
CPA04	71	CAICAE	varchar	14
CPA04	72	CAICAE_VTO	datetime	NULL
CPA04	73	MO_NO_CRED	varchar	100
CPA04	74	T_DOC_DTE	varchar	3
CPA04	75	N_INT_MES	float	NULL
CPA04	76	IVA_CHILE	varchar	1
CPA04	77	SUCURS_SII	float	NULL
CPA04	78	CERRADO	bit	NULL
CPA04	79	COD_CLASIF	varchar	6
CPA04	80	AFECTO_AF	decimal	NULL
CPA04	81	EXENTO_AF	decimal	NULL
CPA04	82	IVA_AF	decimal	NULL
CPA04	83	ACTIVOFIJO	varchar	1
CPA04	84	ID_ASIENTO_MODELO_CP	int	NULL
CPA04	85	GENERA_ASIENTO	char	1
CPA04	86	FECHA_INGRESO	datetime	NULL
CPA04	87	HORA_INGRESO	varchar	6
CPA04	88	USUARIO_INGRESO	varchar	120
CPA04	89	TERMINAL_INGRESO	varchar	255
CPA04	90	FECHA_ULTIMA_MODIFICACION	datetime	NULL
CPA04	91	HORA_ULTIMA_MODIFICACION	varchar	6
CPA04	92	USUA_ULTIMA_MODIFICACION	varchar	120
CPA04	93	TERM_ULTIMA_MODIFICACION	varchar	255
CPA04	94	N_INT_ORI	float	NULL
CPA04	95	T_INT_ORI	varchar	2
CPA05	1	ID_CPA05	int	NULL
CPA05	2	FILLER	varchar	20
CPA05	3	COD_PROVEE	varchar	6
CPA05	4	F_COMP_CAN	datetime	NULL
CPA05	5	FECHA_VTO	datetime	NULL
CPA05	6	IMPORT_CAN	decimal	NULL
CPA05	7	IMPORT_VTO	decimal	NULL
CPA05	8	N_COMP_CAN	varchar	13
CPA05	9	N_COMP_FAC	varchar	13
CPA05	10	T_COMP_CAN	varchar	3
CPA05	11	T_COMP_FAC	varchar	3
CPA18	1	ID_CPA18	int	NULL
CPA18	2	FILLER	varchar	20
CPA18	3	COD_IMPUES	varchar	2
CPA18	4	COD_PROVEE	varchar	6
CPA18	5	COD_PROV	varchar	2
CPA18	6	F_COMP	datetime	NULL
CPA18	7	IMPORTE	decimal	NULL
CPA18	8	NCOMP_IN_C	float	NULL
CPA18	9	TCOMP_IN_C	varchar	2
CPA18	10	COD_SII	varchar	3
CPA46	1	ID_CPA46	int	NULL
CPA46	2	FILLER	varchar	20
CPA46	3	CANTIDAD	decimal	NULL
CPA46	4	COD_ARTICU	varchar	15
CPA46	5	COD_DEPOSI	varchar	2
CPA46	6	COD_PRE_CO	varchar	2
CPA46	7	EQUIVALENC	decimal	NULL
CPA46	8	FALTA_REM	decimal	NULL
CPA46	9	FECHA_MOV	datetime	NULL
CPA46	10	IMP_NETO_P	decimal	NULL
CPA46	11	N_RENGL_C	int	NULL
CPA46	12	NCOMP_IN_C	float	NULL
CPA46	13	PORCE_DCTO	decimal	NULL
CPA46	14	PRECIO_NET	decimal	NULL
CPA46	15	PRECIO_PAN	decimal	NULL
CPA46	16	TCOMP_IN_C	varchar	2
CPA46	17	COD_CLASIF	varchar	6
CPA46	18	IMPORTE_EXENTO	decimal	NULL
CPA46	19	IMPORTE_GRAVADO	decimal	NULL
CPA47	1	ID_CPA47	int	NULL
CPA47	2	FILLER	varchar	20
CPA47	3	COD_CONCEP	varchar	3
CPA47	4	FECHA_MOV	datetime	NULL
CPA47	5	IMPORTE_NE	decimal	NULL
CPA47	6	IMPORT_PAN	decimal	NULL
CPA47	7	IMP_NETO_P	decimal	NULL
CPA47	8	NCOMP_IN_C	float	NULL
CPA47	9	N_RENGL_C	int	NULL
CPA47	10	TCOMP_IN_C	varchar	2
CPA47	11	COD_CLASIF	varchar	6
CPA47	12	IMPORTE_EXENTO	decimal	NULL
CPA47	13	IMPORTE_GRAVADO	decimal	NULL
CPA48	1	ID_CPA48	int	NULL
CPA48	2	FILLER	varchar	20
CPA48	3	CANTIDAD	decimal	NULL
CPA48	4	N_RENGL_C	int	NULL
CPA48	5	N_RENGL_S	int	NULL
CPA48	6	NCOMP_IN_C	varchar	8
CPA48	7	NCOMP_IN_S	varchar	8
CPA48	8	TCOMP_IN_C	varchar	2
CPA48	9	TCOMP_IN_S	varchar	2
CPA45	1	ID_CPA45	int	NULL
CPA45	2	FILLER	varchar	20
CPA45	3	CLAS_SIAP	varchar	3
CPA45	4	COD_CONCEP	varchar	3
CPA45	5	COD_COSTO	varchar	10
CPA45	6	COD_IVA	smallint	NULL
CPA45	7	COD_IVA_S	smallint	NULL
CPA45	8	COD_RNI	smallint	NULL
CPA45	9	DESC_CONCE	varchar	30
CPA45	10	IMPUTACION	float	NULL
CPA45	11	AFECTA_AF	bit	NULL
CPA45	12	INHABILITA	bit	NULL
CPA45	13	COD_CPA45	varchar	10
CPA28	1	ID_CPA28	int	NULL
CPA28	2	FILLER	varchar	20
CPA28	3	ACUM_PAGOS	bit	NULL
CPA28	4	BASE	varchar	1
CPA28	5	COD_ANEXO	smallint	NULL
CPA28	6	COD_RETEN	varchar	2
CPA28	7	CUE_FONDOS	float	NULL
CPA28	8	DES_TRA	decimal	NULL
CPA28	9	DESCRIPCIO	varchar	30
CPA28	10	HAS_TRA	decimal	NULL
CPA28	11	IMP_EXCEDE	decimal	NULL
CPA28	12	IMP_FIJO	decimal	NULL
CPA28	13	LEYENDA	varchar	60
CPA28	14	MINIMO	decimal	NULL
CPA28	15	MODELO	varchar	3
CPA28	16	NO_IMPONIB	decimal	NULL
CPA28	17	PORCE_RET	decimal	NULL
CPA28	18	TALONARIO	smallint	NULL
CPA28	19	TIPO_CALCU	varchar	1
CPA28	20	TIPO_RETEN	varchar	1
CPA28	21	APLICA_SOB	varchar	1
CPA28	22	BASE_ANALI	varchar	1
CPA28	23	CALC_SOBRE	varchar	1
CPA28	24	TALON_CPR	smallint	NULL
CPA28	25	GRUPO	varchar	2
CPA28	26	GRUPO_AGIP	varchar	2
CPA28	27	BASE_ANA2	varchar	1
CPA28	28	SUP_IMP1	decimal	NULL
CPA28	29	SUP_IMP2	decimal	NULL
CPA57	1	ID_CPA57	int	NULL
CPA57	2	FILLER	varchar	20
CPA57	3	COD_PROVIN	varchar	2
CPA57	4	COD_SICORE	smallint	NULL
CPA57	5	COD_SIFERE	smallint	NULL
CPA57	6	NOM_PROVIN	varchar	20
CPA57	7	COD_PAIS	varchar	2
CPA54	1	ID_CPA54	int	NULL
CPA54	2	FILLER	varchar	20
CPA54	3	COD_PROVEE	varchar	6
CPA54	4	ESTADO_AUT	varchar	1
CPA54	5	ESTADO_VTO	varchar	3
CPA54	6	FECHA_VTO	datetime	NULL
CPA54	7	IMPORT_VTO	decimal	NULL
CPA54	8	N_COMP	varchar	13
CPA54	9	T_COMP	varchar	3
CPA63	1	ID_CPA63	int	NULL
CPA63	2	FILLER	varchar	20
CPA63	3	CLAS_SIAP	varchar	3
CPA63	4	IMPORTE	decimal	NULL
CPA63	5	NCOMP_IN_C	float	NULL
CPA63	6	PORC_ALICU	decimal	NULL
CPA63	7	TCOMP_IN_C	varchar	2
SBA01	1	FILLER	varchar	20
SBA01	2	AGRUP	smallint	NULL
SBA01	3	ASIGNA_CEN	bit	NULL
SBA01	4	CBU	varchar	22
SBA01	5	CC_CA	varchar	1
SBA01	6	COD_CTA	float	NULL
SBA01	7	CTA_ASOCIA	float	NULL
SBA01	8	CUPO_CREDI	decimal	NULL
SBA01	9	DESC_CONT	varchar	40
SBA01	10	DESCRIPCIO	varchar	40
SBA01	11	FECHA_SALD	datetime	NULL
SBA01	12	FONDO	bit	NULL
SBA01	13	HABIL_COMP	bit	NULL
SBA01	14	HABIL_FOND	bit	NULL
SBA01	15	HABIL_VENT	bit	NULL
SBA01	16	IMPUTACION	float	NULL
SBA01	17	MED_PAGO	smallint	NULL
SBA01	18	MONEDA_EX	bit	NULL
SBA01	19	PAGO_CF	smallint	NULL
SBA01	20	REGISTRA_F	bit	NULL
SBA01	21	SALDO	decimal	NULL
SBA01	22	SALDO_A_MO	decimal	NULL
SBA01	23	SALDO_A_UN	decimal	NULL
SBA01	24	SALDO_ACT	decimal	NULL
SBA01	25	SALDO_MONE	decimal	NULL
SBA01	26	SALDO_UNI	decimal	NULL
SBA01	27	TIPO	varchar	1
SBA01	28	LOTE	float	NULL
SBA01	29	EXP_SALDO	bit	NULL
SBA01	30	PORC_REC	decimal	NULL
SBA01	31	PORC_BON	decimal	NULL
SBA01	32	EXPORTA	bit	NULL
SBA01	33	INC_CIERRE	bit	NULL
SBA01	34	ID_SBA01	int	NULL
SBA01	35	ID_MONEDA	int	NULL
SBA01	36	ID_BANCO	int	NULL
SBA01	37	OBSERVACIONES	text	2147483647
SBA01	38	ID_SBA22	int	NULL
SBA01	39	NRO_CTA_BANCARIA	varchar	15
SBA01	40	CONCILIABLE	bit	NULL
SBA01	41	ID_SBA11	int	NULL
SBA01	42	SUCURSAL_CUENTA	varchar	4
SBA01	43	DIGITO_CUENTA	smallint	NULL
SBA02	1	FILLER	varchar	20
SBA02	2	AFECTA_CON	bit	NULL
SBA02	3	CLASE	smallint	NULL
SBA02	4	COD_COMP	varchar	3
SBA02	5	CONCEP_ASI	varchar	40
SBA02	6	CTA_HABITU	float	NULL
SBA02	7	DESC_COMP	varchar	40
SBA02	8	DESDE_VAL	varchar	13
SBA02	9	D_H	varchar	1
SBA02	10	EDITA	bit	NULL
SBA02	11	HASTA_VAL	varchar	13
SBA02	12	ORDEN	smallint	NULL
SBA02	13	TIPO_NUMER	varchar	1
SBA02	14	COD_SBA02	varchar	10
SBA02	15	OBSERVACIONES	text	2147483647
SBA02	16	HABIL_VTAS	varchar	1
SBA02	17	HABIL_CPAS	varchar	1
SBA02	18	HABIL_FONDOS	varchar	1
SBA02	19	ID_TYPS	int	NULL
SBA02	20	CONTROLA_CLASIF	varchar	1
SBA02	21	ID_GVA81	int	NULL
SBA02	22	ID_CODIGO_RELACION	int	NULL
SBA02	23	IMPRIME_ALTA	char	1
SBA02	24	EDITA_CLASE	char	1
SBA02	25	EDITA_CUENTA_PRINCIPAL	char	1
SBA02	26	ID_SBA02	int	NULL
SBA02	27	CLASIF_RENGLON	varchar	1
SBA04	1	ID_SBA04	int	NULL
SBA04	2	FILLER	varchar	20
SBA04	3	BARRA	smallint	NULL
SBA04	4	CERRADO	bit	NULL
SBA04	5	CLASE	smallint	NULL
SBA04	6	COD_COMP	varchar	3
SBA04	7	CONCEPTO	varchar	30
SBA04	8	COTIZACION	decimal	NULL
SBA04	9	EXPORTADO	bit	NULL
SBA04	10	EXTERNO	bit	NULL
SBA04	11	FECHA	datetime	NULL
SBA04	12	FECHA_ING	datetime	NULL
SBA04	13	HORA_ING	varchar	6
SBA04	14	N_COMP	varchar	13
SBA04	15	N_INTERNO	float	NULL
SBA04	16	PASE	bit	NULL
SBA04	17	SITUACION	varchar	1
SBA04	18	TERMINAL	varchar	255
SBA04	19	USUARIO	varchar	120
SBA04	20	LOTE	float	NULL
SBA04	21	LOTE_ANU	float	NULL
SBA04	22	SUCUR_ORI	smallint	NULL
SBA04	23	FECHA_ORI	datetime	NULL
SBA04	24	C_COMP_ORI	varchar	3
SBA04	25	N_COMP_ORI	varchar	13
SBA04	26	BARRA_ORI	smallint	NULL
SBA04	27	FECHA_EMIS	datetime	NULL
SBA04	28	GENERA_ASIENTO	char	1
SBA04	29	FECHA_ULTIMA_MODIFICACION	datetime	NULL
SBA04	30	HORA_ULTIMA_MODIFICACION	varchar	6
SBA04	31	USUA_ULTIMA_MODIFICACION	varchar	120
SBA04	32	TERM_ULTIMA_MODIFICACION	varchar	255
SBA04	33	ID_PUESTO_CAJA	int	NULL
SBA04	34	ID_GVA81	int	NULL
SBA04	35	ID_SBA02	int	NULL
SBA04	36	ID_SBA02_C_COMP_ORI	int	NULL
SBA04	37	COD_GVA14	varchar	10
SBA04	38	COD_CPA01	varchar	10
SBA04	39	ID_CODIGO_RELACION	int	NULL
SBA04	40	ID_LEGAJO	int	NULL
SBA04	41	OBSERVACIONES	text	2147483647
SBA04	42	TIPO_COD_RELACIONADO	varchar	1
SBA04	43	CN_ASTOR	char	1
SBA04	44	ID_MODELO_INGRESO_SB	int	NULL
SBA04	45	TOTAL_IMPORTE_CTE	decimal	NULL
SBA04	46	TOTAL_IMPORTE_EXT	decimal	NULL
SBA05	1	ID_SBA05	int	NULL
SBA05	2	FILLER	varchar	20
SBA05	3	BARRA	smallint	NULL
SBA05	4	CANT_MONE	decimal	NULL
SBA05	5	CHEQUES	decimal	NULL
SBA05	6	CLASE	smallint	NULL
SBA05	7	COD_COMP	varchar	3
SBA05	8	COD_CTA	float	NULL
SBA05	9	COD_OPERAC	varchar	2
SBA05	10	CONCILIADO	bit	NULL
SBA05	11	COTIZ_MONE	decimal	NULL
SBA05	12	D_H	varchar	1
SBA05	13	EFECTIVO	decimal	NULL
SBA05	14	FECHA	datetime	NULL
SBA05	15	FECHA_CONC	datetime	NULL
SBA05	16	LEYENDA	varchar	40
SBA05	17	MONTO	decimal	NULL
SBA05	18	N_COMP	varchar	13
SBA05	19	RENGLON	int	NULL
SBA05	20	UNIDADES	decimal	NULL
SBA05	21	VA_DIRECTO	varchar	1
SBA05	22	ID_SBA02	int	NULL
SBA05	23	ID_GVA81	int	NULL
SBA05	24	CONC_EFTV	bit	NULL
SBA05	25	F_CONC_EFT	datetime	NULL
SBA05	26	COMENTARIO	varchar	255
SBA05	27	COMENTARIO_EFT	varchar	255
SBA05	28	COD_GVA14	varchar	10
SBA05	29	COD_CPA01	varchar	10
SBA05	30	ID_CODIGO_RELACION	int	NULL
SBA05	31	ID_LEGAJO	int	NULL
SBA05	32	TIPO_COD_RELACIONADO	varchar	1
SBA05	33	ID_TIPO_COTIZACION	int	NULL
SBA05	34	ID_SBA11	int	NULL
SBA14	1	ID_SBA14	int	NULL
SBA14	2	FILLER	varchar	20
SBA14	3	BARRA_REC	smallint	NULL
SBA14	4	BARRA_RECH	smallint	NULL
SBA14	5	BARRA_SAL	smallint	NULL
SBA14	6	C_POSTAL	varchar	8
SBA14	7	CLEARING	smallint	NULL
SBA14	8	CLIENTE	varchar	6
SBA14	9	CTA_CARTER	float	NULL
SBA14	10	CTA_DESTIN	float	NULL
SBA14	11	CTA_RECEP	float	NULL
SBA14	12	CUENTA_NUM	varchar	20
SBA14	13	CUENTA_TIP	varchar	1
SBA14	14	DIAS	smallint	NULL
SBA14	15	ESTADO	varchar	1
SBA14	16	F_EMISION	datetime	NULL
SBA14	17	F_REGISTRO	datetime	NULL
SBA14	18	FECHA_CHEQ	datetime	NULL
SBA14	19	FECHA_REC	datetime	NULL
SBA14	20	FECHA_RECH	datetime	NULL
SBA14	21	FECHA_SAL	datetime	NULL
SBA14	22	IMPORTE_CH	decimal	NULL
SBA14	23	N_CHEQUE	float	NULL
SBA14	24	N_COMP_REC	varchar	13
SBA14	25	N_COMP_RCH	varchar	13
SBA14	26	N_COMP_SAL	varchar	13
SBA14	27	N_CUIT	varchar	20
SBA14	28	N_INTERNO	float	NULL
SBA14	29	PROVEEDOR	varchar	6
SBA14	30	REGISTRADO	varchar	1
SBA14	31	T_COMP_REC	varchar	3
SBA14	32	T_COMP_RCH	varchar	3
SBA14	33	T_COMP_SAL	varchar	3
SBA14	34	TIPO_CHEQU	varchar	1
SBA14	35	TIPO_SAL	varchar	1
SBA14	36	ULT_BARRA	smallint	NULL
SBA14	37	ULT_N_COMP	varchar	13
SBA14	38	ULT_T_COMP	varchar	3
SBA14	39	EXPORTADO	bit	NULL
SBA14	40	NRO_SUCURS	smallint	NULL
SBA14	41	N_INT_ORI	float	NULL
SBA14	42	ID_BANCO	int	NULL
SBA14	43	ID_SBA02_REC	int	NULL
SBA14	44	ID_SBA02_RCH	int	NULL
SBA14	45	ID_SBA02_SAL	int	NULL
SBA14	46	ID_SBA02_ULT	int	NULL
SBA14	47	CONCILIADO_SAL	bit	NULL
SBA14	48	FECHA_EXTRACTO_SAL	datetime	NULL
SBA14	49	COMENTARIO_SAL	varchar	255
SBA14	50	CONCILIADO_RECH	bit	NULL
SBA14	51	FECHA_EXTRACTO_RECH	datetime	NULL
SBA14	52	COMENTARIO_RECH	varchar	255
SBA14	53	COD_GVA14	varchar	10
SBA14	54	COD_CPA01	varchar	10
SBA14	55	SUC_BANCO	smallint	NULL
SBA14	56	RAZON_EMIS	varchar	60
SBA15	1	ID_SBA15	int	NULL
SBA15	2	FILLER	varchar	20
SBA15	3	BARRA_EMI	smallint	NULL
SBA15	4	BARRA_PASA	smallint	NULL
SBA15	5	BARRA_RECH	smallint	NULL
SBA15	6	CLEARING	smallint	NULL
SBA15	7	CTA_BANCO	float	NULL
SBA15	8	CTA_EMISIO	float	NULL
SBA15	9	DIAS	smallint	NULL
SBA15	10	ESTADO	varchar	1
SBA15	11	F_REGISTRO	datetime	NULL
SBA15	12	FECHA_CHEQ	datetime	NULL
SBA15	13	FECHA_CONC	datetime	NULL
SBA15	14	FECHA_EMI	datetime	NULL
SBA15	15	FECHA_PASA	datetime	NULL
SBA15	16	FECHA_RECH	datetime	NULL
SBA15	17	HIST_EMI	bit	NULL
SBA15	18	HIST_PASAJ	bit	NULL
SBA15	19	HIST_RECH	bit	NULL
SBA15	20	IMPORTE_CH	decimal	NULL
SBA15	21	M_CONC_EMI	bit	NULL
SBA15	22	M_CONC_RCH	bit	NULL
SBA15	23	N_CHEQUE	float	NULL
SBA15	24	N_CHEQUERA	smallint	NULL
SBA15	25	N_COMP_EMI	varchar	13
SBA15	26	N_COMP_PAS	varchar	13
SBA15	27	N_COMP_RCH	varchar	13
SBA15	28	ORDEN	varchar	60
SBA15	29	PROVEEDOR	varchar	6
SBA15	30	T_COMP_EMI	varchar	3
SBA15	31	T_COMP_PAS	varchar	3
SBA15	32	T_COMP_RCH	varchar	3
SBA15	33	TIPO_CHEQU	varchar	1
SBA15	34	ULT_BARRA	smallint	NULL
SBA15	35	ULT_N_COMP	varchar	13
SBA15	36	ULT_T_COMP	varchar	3
SBA15	37	ID_BANCO	int	NULL
SBA15	38	COD_CPA01	varchar	10
SBA15	39	ID_SBA02_EMI	int	NULL
SBA15	40	ID_SBA02_PAS	int	NULL
SBA15	41	ID_SBA02_RCH	int	NULL
SBA15	42	ID_SBA02_ULT	int	NULL
SBA15	43	CONCILIADO	bit	NULL
SBA15	44	COMENTARIO	varchar	255
SBA15	45	RENGLON_EMI	int	NULL
SBA15	46	CONCILIADO_RECH	bit	NULL
SBA15	47	FECHA_EXTRACTO_RECH	datetime	NULL
SBA15	48	COMENTARIO_RECH	varchar	255
SBA15	49	OBSERVACIONES	text	2147483647
SBA15	50	RENGLON_PASA	int	NULL
SBA15	51	ULT_RENGLON	int	NULL
SBA15	52	RENGLON_RECH	int	NULL
SBA23	1	ID_SBA23	int	NULL
SBA23	2	FILLER	varchar	20
SBA23	3	BARRA	smallint	NULL
SBA23	4	CLIENTE	varchar	6
SBA23	5	ESTADO	varchar	1
SBA23	6	FECHA_MOV	datetime	NULL
SBA23	7	HORA_MOV	varchar	4
SBA23	8	LEYENDA	varchar	60
SBA23	9	N_COMP	varchar	13
SBA23	10	N_INTERNO	float	NULL
SBA23	11	SUBESTADO	varchar	1
SBA23	12	T_COMP	varchar	3
SBA23	13	USUARIO	varchar	30
MOVIMIENTO_CHEQUE_TERCERO	1	ID_MOVIMIENTO_CHEQUE_TERCERO	int	NULL
MOVIMIENTO_CHEQUE_TERCERO	2	ID_SBA14	int	NULL
MOVIMIENTO_CHEQUE_TERCERO	3	ID_SBA05	int	NULL
MOVIMIENTO_CHEQUE_TERCERO	4	ID_CTA_DESTINO	int	NULL
MOVIMIENTO_CHEQUE_TERCERO	5	TIPO_MOVIMIENTO	varchar	4
MOVIMIENTO_CHEQUE_TERCERO	6	LEYENDA_HISTORICO	varchar	40
BANCO	1	ID_BANCO	int	NULL
BANCO	2	ID_PROVINCIA	int	NULL
BANCO	3	COD_BANCO	varchar	10
BANCO	4	NRO_BANCO	char	3
BANCO	5	DESC_BANCO	varchar	40
BANCO	6	COD_EMPRESA	varchar	10
BANCO	7	OBSERVACIONES	varchar	1000
BANCO	8	CALLE	varchar	30
BANCO	9	NRO_DOMIC	varchar	10
BANCO	10	PISO	varchar	10
BANCO	11	DEPARTAMENTO_DOMIC	varchar	10
BANCO	12	BLOQUE	varchar	5
BANCO	13	TORRE	varchar	5
BANCO	14	LOCALIDAD	varchar	40
BANCO	15	CODIGO_POSTAL	varchar	8
BANCO	16	TIPO_TELEFONO1	varchar	15
BANCO	17	TELEFONO	varchar	25
BANCO	18	TIPO_TELEFONO2	varchar	15
BANCO	19	TELEFONO2	varchar	25
BANCO	20	WEB_SITE	varchar	80
BANCO	21	EMAIL	varchar	80
BANCO	22	CONTACTO	varchar	40
BANCO	23	CUIT	varchar	13
BANCO	24	COD_PREVIRED	varchar	4
BANCO	25	ID_COMUNA	int	NULL
CUENTA	1	ID_CUENTA	int	NULL
CUENTA	2	ID_CLASE_CUENTA	int	NULL
CUENTA	3	COD_CUENTA	varchar	40
CUENTA	4	DESC_CUENTA	varchar	60
CUENTA	5	COD_CUENTA_ALTERNATIVO	varchar	40
CUENTA	6	HABILITADO	char	1
CUENTA	7	DESFE_INHABILITADO	datetime	NULL
CUENTA	8	HASFE_INHABILITADO	datetime	NULL
CUENTA	9	SALDO_HABITUAL	varchar	8
CUENTA	10	USA_AUXILIARES_CONTABLES	char	1
CUENTA	11	TIPO_CUENTA	varchar	20
CUENTA	12	AFECTA_COMPROBACION_AJUSTE	char	1
CUENTA	13	ID_INDICE_COMPROBACION_AJUSTE	int	NULL
CUENTA	14	AFECTA_CONVERSION	char	1
CUENTA	15	USA_UNIDAD_ADICIONAL	char	1
CUENTA	16	REGISTRACION_AUTOMATICA	char	1
CUENTA	17	OBSERVACIONES	varchar	1000
CUENTA	18	AFECTA_AJUSTE_INFLACION	char	1
CUENTA	19	ID_CUENTA_RDO_EJ_POSITIVO	int	NULL
CUENTA	20	COLOR_SALDO_HABITUAL	int	NULL
CUENTA	21	PORC_TRAMO1_POSITIVO	smallint	NULL
CUENTA	22	PORC_TRAMO2_POSITIVO	smallint	NULL
CUENTA	23	COLOR_TRAMO1_POSITIVO	int	NULL
CUENTA	24	COLOR_TRAMO2_POSITIVO	int	NULL
CUENTA	25	COLOR_TRAMO3_POSITIVO	int	NULL
CUENTA	26	PORC_TRAMO1_NEGATIVO	smallint	NULL
CUENTA	27	PORC_TRAMO2_NEGATIVO	smallint	NULL
CUENTA	28	COLOR_TRAMO1_NEGATIVO	int	NULL
CUENTA	29	COLOR_TRAMO2_NEGATIVO	int	NULL
CUENTA	30	COLOR_TRAMO3_NEGATIVO	int	NULL
CUENTA	31	ID_CUENTA_RDO_EJ_NEGATIVO	int	NULL
CUENTA	32	ID_CUENTA_RESULTADOS_ACUMULADOS	int	NULL
RUBRO_CN	1	ID_RUBRO_CN	int	NULL
RUBRO_CN	2	ID_JERARQUIA	int	NULL
RUBRO_CN	3	ID_RUBRO_PADRE	int	NULL
RUBRO_CN	4	ID_CUENTA	int	NULL
RUBRO_CN	5	COD_RUBRO_CN	varchar	40
RUBRO_CN	6	DESC_RUBRO_CN	varchar	60
RUBRO_CN	7	NRO_NIVEL	int	NULL
RUBRO_CN	8	NRO_POSICION	int	NULL
RUBRO_CN	9	IMPRIME_SALDO_CERO	char	1
RUBRO_CN	10	OPERACION	char	1
RUBRO_CN	11	SUMARIZACION	char	1
RUBRO_CN	12	UBICACION_SUMARIZACION	varchar	15
RUBRO_CN	13	CUADRO	varchar	10
RUBRO_CN	14	ORDEN_JERARQUIA	varchar	160
RUBRO_CN	15	SALDO_HABITUAL	varchar	8
CUENTA_SB	1	ID_CUENTA_SB	int	NULL
CUENTA_SB	2	COD_SBA01	float	NULL
CUENTA_SB	3	EDITA_CUENTA	char	1
CUENTA_SB	4	ID_CUENTA	int	NULL
CUENTA_SB	5	FILLER	varchar	1000
TIPO_CONTABLE	1	COD_TIPO_CONTABLE	varchar	8
TIPO_CONTABLE	2	COD_MODULO	varchar	3
TIPO_CONTABLE	3	DESC_TIPO_CONTABLE	varchar	40
TIPO_CONTABLE	4	ID_TIPO_CONTABLE	int	NULL
TIPO_ASIENTO	1	ID_TIPO_ASIENTO	int	NULL
TIPO_ASIENTO	2	ID_AGRUPACION_ASIENTO	int	NULL
TIPO_ASIENTO	3	COD_TIPO_ASIENTO	varchar	10
TIPO_ASIENTO	4	DESC_TIPO_ASIENTO	varchar	40
TIPO_ASIENTO	5	HABILITADO	char	1
TIPO_ASIENTO	6	ESTADO_INICIAL_ASIENTOS	varchar	20
TIPO_ASIENTO	7	EDITA_ESTADO_ASIENTOS	char	1
TIPO_ASIENTO	8	GENERA_ASIENTO_RESUMEN	char	1
TIPO_ASIENTO	9	OBSERVACIONES	varchar	1000
MODULO_CUENTA	1	ID_CUENTA	int	NULL
MODULO_CUENTA	2	COD_MODULO	varchar	3
MODULO_CUENTA	3	HABILITADO	char	1
ARTICULO_CUENTA	1	ID_ARTICULO_CUENTA	int	NULL
ARTICULO_CUENTA	2	COD_STA11	varchar	17
ARTICULO_CUENTA	3	TIPO_CUENTA_ARTICULO	varchar	8
ARTICULO_CUENTA	4	ID_CUENTA	int	NULL
ARTICULO_CUENTA	5	FILLER	varchar	1000
ASIENTO_GV	1	ID_ASIENTO_GV	int	NULL
ASIENTO_GV	2	ID_ASIENTO_COMPROBANTE_GV	int	NULL
ASIENTO_GV	3	NRO_RENGLON_ASIENTO_GV	int	NULL
ASIENTO_GV	4	ID_CUENTA	int	NULL
ASIENTO_GV	5	D_H	char	1
ASIENTO_GV	6	IMPORTE_RENGLON_BASE_GV	money	NULL
ASIENTO_GV	7	IMPORTE_RENGLON_ALTER_GV	money	NULL
ASIENTO_GV	8	DESC_LEYENDA	varchar	100
ASIENTO_GV	9	EDITA_CUENTA	char	1
ASIENTO_CP	1	ID_ASIENTO_CP	int	NULL
ASIENTO_CP	2	ID_ASIENTO_COMPROBANTE_CP	int	NULL
ASIENTO_CP	3	NRO_RENGLON_ASIENTO_CP	int	NULL
ASIENTO_CP	4	ID_CUENTA	int	NULL
ASIENTO_CP	5	D_H	char	1
ASIENTO_CP	6	IMPORTE_RENGLON_BASE_CP	money	NULL
ASIENTO_CP	7	IMPORTE_RENGLON_ALTER_CP	money	NULL
ASIENTO_CP	8	DESC_LEYENDA	varchar	100
ASIENTO_CP	9	EDITA_CUENTA	char	1
ASIENTO_SB	1	ID_ASIENTO_SB	int	NULL
ASIENTO_SB	2	ID_ASIENTO_COMPROBANTE_SB	int	NULL
ASIENTO_SB	3	NRO_RENGLON_ASIENTO_SB	int	NULL
ASIENTO_SB	4	ID_CUENTA	int	NULL
ASIENTO_SB	5	D_H	char	1
ASIENTO_SB	6	IMPORTE_RENGLON_BASE_SB	money	NULL
ASIENTO_SB	7	IMPORTE_RENGLON_ALTER_SB	money	NULL
ASIENTO_SB	8	DESC_LEYENDA	varchar	100
ASIENTO_SB	9	EDITA_CUENTA	char	1
ASIENTO_SB	10	ID_MONEDA	int	NULL
ASIENTO_SB	11	ID_TIPO_COTIZACION	int	NULL
ASIENTO_SB	12	COTIZACION_MONEDA	decimal	NULL
ASIENTO_SB	13	IMPORTE_MONEDA_SB	money	NULL
ASIENTO_COMPROBANTE_GV	1	ID_ASIENTO_COMPROBANTE_GV	int	NULL
ASIENTO_COMPROBANTE_GV	2	NCOMP_IN_V	float	NULL
ASIENTO_COMPROBANTE_GV	3	ASIENTO_ANULACION	char	1
ASIENTO_COMPROBANTE_GV	4	CONTABILIZADO	char	1
ASIENTO_COMPROBANTE_GV	5	USUARIO_CONTABILIZACION	varchar	120
ASIENTO_COMPROBANTE_GV	6	FECHA_CONTABILIZACION	datetime	NULL
ASIENTO_COMPROBANTE_GV	7	TERMINAL_CONTABILIZACION	varchar	255
ASIENTO_COMPROBANTE_GV	8	TRANSFERIDO_CN	char	1
ASIENTO_COMPROBANTE_CP	1	ID_ASIENTO_COMPROBANTE_CP	int	NULL
ASIENTO_COMPROBANTE_CP	2	NCOMP_IN_C	float	NULL
ASIENTO_COMPROBANTE_CP	3	ASIENTO_ANULACION	char	1
ASIENTO_COMPROBANTE_CP	4	CONTABILIZADO	char	1
ASIENTO_COMPROBANTE_CP	5	USUARIO_CONTABILIZACION	varchar	120
ASIENTO_COMPROBANTE_CP	6	FECHA_CONTABILIZACION	datetime	NULL
ASIENTO_COMPROBANTE_CP	7	TERMINAL_CONTABILIZACION	varchar	255
ASIENTO_COMPROBANTE_CP	8	TRANSFERIDO_CN	char	1
ASIENTO_COMPROBANTE_SB	1	ID_ASIENTO_COMPROBANTE_SB	int	NULL
ASIENTO_COMPROBANTE_SB	2	N_INTERNO	float	NULL
ASIENTO_COMPROBANTE_SB	3	ASIENTO_ANULACION	char	1
ASIENTO_COMPROBANTE_SB	4	CONTABILIZADO	char	1
ASIENTO_COMPROBANTE_SB	5	USUARIO_CONTABILIZACION	varchar	120
ASIENTO_COMPROBANTE_SB	6	FECHA_CONTABILIZACION	datetime	NULL
ASIENTO_COMPROBANTE_SB	7	TERMINAL_CONTABILIZACION	varchar	255
ASIENTO_COMPROBANTE_SB	8	TRANSFERIDO_CN	char	1
CONCEPTO_CP	1	ID_CONCEPTO_CP	int	NULL
CONCEPTO_CP	2	COD_CPA45	varchar	10
CONCEPTO_CP	3	ID_CUENTA	int	NULL
CONCEPTO_CP	4	FILLER	varchar	1000
